_id,first_Name,last_Name,email,phone,address,__v
67fe39dd68c66cc7f3625ace,Nitin,Sharma,nitin@gmail.com,5555555555,lucknow,0
67fe49c5b9a0f64cfc718b42,Neha ,Sharma ,Neha.Sharma@gmail.com,7454521528,Delhi ,0
67fe4a7ff583f5412e671e40,Rahul,Sharma,rahul.sharma@example.com,9876543210,"Delhi, India",
67fe4a7ff583f5412e671e41,Emily,Clark,emily.clark@example.com,1234567890,"London, UK",
67fe4a7ff583f5412e671e42,Amit,Verma,amit.verma@example.com,9123456789,"Mumbai, India",
67fe4a7ff583f5412e671e43,John,Doe,john.doe@example.com,9998887776,"New York, USA",
67fe4a7ff583f5412e671e44,Priya,Desai,priya.desai@example.com,9080706050,"Ahmedabad, India",
67fe4a7ff583f5412e671e45,Sophie,Miller,sophie.miller@example.com,8989898989,"Paris, France",
67fe4a7ff583f5412e671e46,Raj,Kapoor,raj.kapoor@example.com,9988776655,"Chennai, India",
67fe4a7ff583f5412e671e47,Carlos,Garcia,carlos.garcia@example.com,7777777777,"Madrid, Spain",
67fe4a7ff583f5412e671e48,Neha,Singh,neha.singh@example.com,9871234560,"Lucknow, India",
67fe4a7ff583f5412e671e49,William,Johnson,william.johnson@example.com,9090909090,"Toronto, Canada",
67fe4a7ff583f5412e671e4a,Sanjay,Mishra,sanjay.mishra@example.com,8765432109,"Patna, India",
67fe4a7ff583f5412e671e4b,Linda,Brown,linda.brown@example.com,8888888888,"Chicago, USA",
67fe4a7ff583f5412e671e4c,Ritika,Kumar,ritika.kumar@example.com,9988774422,"Noida, India",
67fe4a7ff583f5412e671e4d,Leonardo,Rossi,leonardo.rossi@example.com,9012345678,"Rome, Italy",
67fe4a7ff583f5412e671e4e,Anjali,Mehta,anjali.mehta@example.com,8123456789,"Pune, India",
67fe4a7ff583f5412e671e4f,Chloe,Williams,chloe.williams@example.com,9876501234,"Auckland, New Zealand",
67fe4a7ff583f5412e671e50,Arjun,Reddy,arjun.reddy@example.com,9876543201,"Hyderabad, India",
67fe4a7ff583f5412e671e51,Yuki,Takahashi,yuki.takahashi@example.com,8009001002,"Tokyo, Japan",
67fe4a7ff583f5412e671e52,Sneha,Nair,sneha.nair@example.com,9012343210,"Kochi, India",
67fe4a7ff583f5412e671e53,Lucas,Martins,lucas.martins@example.com,9900112233,"SÃ£o Paulo, Brazil",
67fe4a7ff583f5412e671e54,Rohit,Patel,rohit.patel@example.com,8324567890,"Bangalore, India",
67fe4a7ff583f5412e671e55,Anna,Nowak,anna.nowak@example.com,9234567890,"Warsaw, Poland",
67fe4a7ff583f5412e671e56,Kavita,Rao,kavita.rao@example.com,7894561230,"Indore, India",
67fe4a7ff583f5412e671e57,Mark,Smith,mark.smith@example.com,9001122233,"Dublin, Ireland",
67fe4a7ff583f5412e671e58,Ishaan,Gupta,ishaan.gupta@example.com,9990001112,"Jaipur, India",
67fe4a7ff583f5412e671e59,Sarah,Kim,sarah.kim@example.com,8899776655,"Seoul, South Korea",
67fe4a7ff583f5412e671e5a,Dev,Joshi,dev.joshi@example.com,8787878787,"Surat, India",
67fe4a7ff583f5412e671e5b,Olivia,Evans,olivia.evans@example.com,8123098765,"Sydney, Australia",
67fe4a7ff583f5412e671e5c,Tanvi,Malhotra,tanvi.malhotra@example.com,7008009001,"Gurgaon, India",
67fe4a7ff583f5412e671e5d,David,Lee,david.lee@example.com,9200123412,"Vancouver, Canada",
67fe4a7ff583f5412e671e5e,Harsh,Agarwal,harsh.agarwal@example.com,9100000000,"Bhopal, India",
67fe4a7ff583f5412e671e5f,Nina,Ivanova,nina.ivanova@example.com,8456789012,"Moscow, Russia",
67fe4a7ff583f5412e671e60,Meena,Dubey,meena.dubey@example.com,7865432109,"Varanasi, India",
67fe4a7ff583f5412e671e61,Ahmed,Khan,ahmed.khan@example.com,9345678901,"Lahore, Pakistan",
67fe4a7ff583f5412e671e62,Zoya,Mirza,zoya.mirza@example.com,9023487654,"Nagpur, India",
67fe4a7ff583f5412e671e63,James,Anderson,james.anderson@example.com,7890123456,"Edinburgh, UK",
67fe4a7ff583f5412e671e64,Karan,Thakur,karan.thakur@example.com,9807654321,"Shimla, India",
67fe4a7ff583f5412e671e65,Emma,Wilson,emma.wilson@example.com,8098765432,"Melbourne, Australia",
67fe4a7ff583f5412e671e66,Aditya,Saxena,aditya.saxena@example.com,9112233445,"Kanpur, India",
